{
  "type_a_ones": {
    "L0-Attn": {
      "overflow": 0.0,
      "hundreds": 0.0,
      "tens": 0.9999992847442627,
      "ones": 0.7493018507957458
    },
    "L0-MLP": {
      "overflow": 0.0,
      "hundreds": 0.0,
      "tens": 0.9736188650131226,
      "ones": 0.9235857725143433
    },
    "L1-Attn": {
      "overflow": 0.0,
      "hundreds": 0.0,
      "tens": 0.9141632914543152,
      "ones": 0.9223597049713135
    },
    "L1-MLP": {
      "overflow": 0.0,
      "hundreds": 0.0,
      "tens": 0.9911556243896484,
      "ones": 0.9607404470443726
    }
  },
  "type_a_tens": {
    "L0-Attn": {
      "overflow": 0.0,
      "hundreds": 0.9999996423721313,
      "tens": 0.16839230060577393,
      "ones": 0.0
    },
    "L0-MLP": {
      "overflow": 0.0,
      "hundreds": 0.9622634053230286,
      "tens": 0.9208878874778748,
      "ones": 0.0
    },
    "L1-Attn": {
      "overflow": 0.0,
      "hundreds": 0.8083627223968506,
      "tens": 0.9955443739891052,
      "ones": 0.0
    },
    "L1-MLP": {
      "overflow": 0.0,
      "hundreds": 0.9877217411994934,
      "tens": 0.9646647572517395,
      "ones": 0.0
    }
  },
  "type_a_hundreds": {
    "L0-Attn": {
      "overflow": 0.21595460176467896,
      "hundreds": 0.11640817672014236,
      "tens": 0.0,
      "ones": 0.0
    },
    "L0-MLP": {
      "overflow": 0.8254600167274475,
      "hundreds": 0.8185959458351135,
      "tens": 0.0,
      "ones": 0.0
    },
    "L1-Attn": {
      "overflow": 0.9847269058227539,
      "hundreds": 0.8138762712478638,
      "tens": 0.0,
      "ones": 0.0
    },
    "L1-MLP": {
      "overflow": 0.9399451613426208,
      "hundreds": 0.9592328071594238,
      "tens": 0.0,
      "ones": 0.0
    }
  }
}