{
  "type_a_ones": [
    [
      0.0,
      0.0,
      -0.0001580046518938616,
      0.44517457485198975
    ],
    [
      0.0,
      0.0,
      0.006523336749523878,
      -0.0012637522304430604
    ],
    [
      0.0,
      0.0,
      0.9808524250984192,
      0.29628318548202515
    ],
    [
      0.0,
      0.0,
      -0.008049597032368183,
      0.4546293616294861
    ],
    [
      0.0,
      0.0,
      0.0032113762572407722,
      0.2999849319458008
    ],
    [
      0.0,
      0.0,
      0.9176689386367798,
      0.1623314917087555
    ]
  ],
  "type_a_tens": [
    [
      0.0,
      0.00453136907890439,
      0.13486303389072418,
      0.0
    ],
    [
      0.0,
      0.9953017830848694,
      0.004705657251179218,
      0.0
    ],
    [
      0.0,
      0.001535844523459673,
      0.02395045943558216,
      0.0
    ],
    [
      0.0,
      -0.0056649986654520035,
      0.4123295247554779,
      0.0
    ],
    [
      0.0,
      -0.005353590473532677,
      0.23636819422245026,
      0.0
    ],
    [
      0.0,
      0.8105373382568359,
      0.11135149747133255,
      0.0
    ]
  ],
  "type_a_hundreds": [
    [
      0.25840041041374207,
      0.0820632353425026,
      0.0,
      0.0
    ],
    [
      -0.021197175607085228,
      0.006247521843761206,
      0.0,
      0.0
    ],
    [
      0.07553046196699142,
      0.04110047221183777,
      0.0,
      0.0
    ],
    [
      0.04264194890856743,
      0.33240944147109985,
      0.0,
      0.0
    ],
    [
      0.2899758219718933,
      0.2293158918619156,
      0.0,
      0.0
    ],
    [
      0.17073693871498108,
      0.07003843784332275,
      0.0,
      0.0
    ]
  ],
  "type_b": [
    [
      0.0,
      0.001250159926712513,
      0.16867245733737946,
      0.0
    ],
    [
      0.0,
      0.996598482131958,
      0.0028546059038490057,
      0.0
    ],
    [
      0.0,
      -0.0005142413428984582,
      0.03456339240074158,
      0.0
    ],
    [
      0.0,
      0.011236713267862797,
      0.5757243633270264,
      0.0
    ],
    [
      0.0,
      0.0010384946363046765,
      0.6117601990699768,
      0.0
    ],
    [
      0.0,
      0.7890791296958923,
      -0.000847010756842792,
      0.0
    ]
  ]
}