{
  "0.00": {
    "42": {
      "mean_reward": 481.05,
      "std_reward": 32.297794042318124
    }
  },
  "0.05": {
    "42": {
      "mean_reward": 497.75,
      "std_reward": 9.142619974602466
    }
  },
  "0.10": {
    "42": {
      "mean_reward": 496.95,
      "std_reward": 6.734055241828656
    }
  },
  "0.15": {
    "42": {
      "mean_reward": 498.55,
      "std_reward": 4.684815898197067
    }
  },
  "0.20": {
    "42": {
      "mean_reward": 497.0,
      "std_reward": 9.049861877399014
    },
    "43": {
      "mean_reward": 497.75,
      "std_reward": 6.766646141183976
    },
    "44": {
      "mean_reward": 500.0,
      "std_reward": 0.0
    },
    "45": {
      "mean_reward": 500.0,
      "std_reward": 0.0
    },
    "46": {
      "mean_reward": 500.0,
      "std_reward": 0.0
    }
  },
  "0.25": {
    "42": {
      "mean_reward": 499.45,
      "std_reward": 2.3973944189473704
    },
    "43": {
      "mean_reward": 497.7,
      "std_reward": 8.03181175078201
    },
    "44": {
      "mean_reward": 498.55,
      "std_reward": 6.320403468133977
    },
    "45": {
      "mean_reward": 500.0,
      "std_reward": 0.0
    },
    "46": {
      "mean_reward": 500.0,
      "std_reward": 0.0
    }
  },
  "0.30": {
    "42": {
      "mean_reward": 499.6,
      "std_reward": 1.7435595774162693
    },
    "43": {
      "mean_reward": 500.0,
      "std_reward": 0.0
    },
    "44": {
      "mean_reward": 496.5,
      "std_reward": 12.257650672131263
    },
    "45": {
      "mean_reward": 500.0,
      "std_reward": 0.0
    },
    "46": {
      "mean_reward": 500.0,
      "std_reward": 0.0
    }
  },
  "0.35": {
    "42": {
      "mean_reward": 497.9,
      "std_reward": 7.522632517942106
    },
    "43": {
      "mean_reward": 493.75,
      "std_reward": 16.576715597487944
    },
    "44": {
      "mean_reward": 499.15,
      "std_reward": 3.705064102009572
    },
    "45": {
      "mean_reward": 500.0,
      "std_reward": 0.0
    },
    "46": {
      "mean_reward": 500.0,
      "std_reward": 0.0
    }
  },
  "0.40": {
    "42": {
      "mean_reward": 500.0,
      "std_reward": 0.0
    },
    "43": {
      "mean_reward": 492.3,
      "std_reward": 33.56352186526319
    },
    "44": {
      "mean_reward": 466.95,
      "std_reward": 99.36170036789828
    },
    "45": {
      "mean_reward": 500.0,
      "std_reward": 0.0
    },
    "46": {
      "mean_reward": 500.0,
      "std_reward": 0.0
    }
  },
  "0.45": {
    "42": {
      "mean_reward": 496.0,
      "std_reward": 12.037441588643327
    },
    "43": {
      "mean_reward": 204.75,
      "std_reward": 62.638546439073764
    },
    "44": {
      "mean_reward": 380.45,
      "std_reward": 182.98783429507
    },
    "45": {
      "mean_reward": 497.75,
      "std_reward": 8.160116420738126
    },
    "46": {
      "mean_reward": 490.15,
      "std_reward": 23.128499735175215
    }
  },
  "0.50": {
    "42": {
      "mean_reward": 9.4,
      "std_reward": 0.7348469228349535
    },
    "43": {
      "mean_reward": 27.5,
      "std_reward": 7.032069396699666
    },
    "44": {
      "mean_reward": 41.25,
      "std_reward": 18.872930350107268
    },
    "45": {
      "mean_reward": 9.25,
      "std_reward": 0.698212002188447
    },
    "46": {
      "mean_reward": 11.8,
      "std_reward": 4.202380277890139
    }
  },
  "0.55": {
    "42": {
      "mean_reward": 9.05,
      "std_reward": 0.6689544080129827
    }
  },
  "0.60": {
    "42": {
      "mean_reward": 9.1,
      "std_reward": 0.5385164807134504
    }
  },
  "0.65": {
    "42": {
      "mean_reward": 8.75,
      "std_reward": 0.5361902647381804
    }
  },
  "0.70": {
    "42": {
      "mean_reward": 8.7,
      "std_reward": 0.5567764362830022
    }
  },
  "0.75": {
    "42": {
      "mean_reward": 8.8,
      "std_reward": 0.6000000000000001
    }
  },
  "0.80": {
    "42": {
      "mean_reward": 8.65,
      "std_reward": 0.5722761571129799
    }
  },
  "0.85": {
    "42": {
      "mean_reward": 8.7,
      "std_reward": 0.6403124237432849
    }
  },
  "0.90": {
    "42": {
      "mean_reward": 8.8,
      "std_reward": 0.39999999999999997
    }
  },
  "0.95": {
    "42": {
      "mean_reward": 8.6,
      "std_reward": 0.58309518948453
    }
  },
  "1.00": {
    "42": {
      "mean_reward": 8.95,
      "std_reward": 0.6689544080129827
    }
  }
}