{
  "size_500": {
    "mean": 139.24,
    "std": 72.51580793178822
  },
  "size_1000": {
    "mean": 254.04,
    "std": 172.0556840095671
  },
  "size_5000": {
    "mean": 500.0,
    "std": 0.0
  },
  "size_10000": {
    "mean": 500.0,
    "std": 0.0
  },
  "size_50000": {
    "mean": 498.04,
    "std": 13.719999999999999
  },
  "narrow_dist": {
    "mean": 486.68,
    "std": 43.80202735034076
  },
  "noise_0.0": {
    "mean": 500.0,
    "std": 0.0
  },
  "noise_0.05": {
    "mean": 497.42,
    "std": 18.06
  },
  "noise_0.1": {
    "mean": 500.0,
    "std": 0.0
  },
  "noise_0.2": {
    "mean": 500.0,
    "std": 0.0
  },
  "noise_0.5": {
    "mean": 9.4,
    "std": 0.6633249580710799
  },
  "state_dist": {
    "expert_cart_pos_std": 0.49524492025375366,
    "bc_cart_pos_std": 0.43046024441719055,
    "expert_pole_angle_std": 0.010236559435725212,
    "bc_pole_angle_std": 0.009941165335476398
  }
}