{
  "sigmoid_params": {
    "L": -487.00207917398416,
    "k": 106.91986167853707,
    "x0": 0.4649352792244056,
    "b": 495.7923987702614
  },
  "threshold_reward_250": 0.46511130520795185,
  "threshold_ci_95": [
    0.455324161122731,
    0.48297056396665694
  ],
  "noise_levels": [
    0.0,
    0.05,
    0.1,
    0.15,
    0.2,
    0.25,
    0.3,
    0.35,
    0.4,
    0.45,
    0.5,
    0.55,
    0.6,
    0.65,
    0.7,
    0.75,
    0.8,
    0.85,
    0.9,
    0.95,
    1.0
  ],
  "mean_rewards": [
    481.05,
    497.75,
    496.95,
    498.55,
    498.95,
    499.14,
    499.21999999999997,
    498.16,
    491.85,
    413.82,
    19.84,
    9.05,
    9.1,
    8.75,
    8.7,
    8.8,
    8.65,
    8.7,
    8.8,
    8.6,
    8.95
  ]
}