{
  "per_K": {
    "12": {
      "mean": 372.22133333333335,
      "std": 59.95674939672949,
      "n_seeds": 15,
      "solve_rate": 1.0
    },
    "16": {
      "mean": 327.656,
      "std": 64.28411393182611,
      "n_seeds": 15,
      "solve_rate": 1.0
    },
    "24": {
      "mean": 184.07266666666672,
      "std": 28.619802810097926,
      "n_seeds": 15,
      "solve_rate": 0.13333333333333333
    },
    "2": {
      "mean": 468.0200000000001,
      "std": 14.347238991062587,
      "n_seeds": 15,
      "solve_rate": 1.0
    },
    "3": {
      "mean": 441.084,
      "std": 34.050285911672844,
      "n_seeds": 15,
      "solve_rate": 1.0
    },
    "4": {
      "mean": 433.06333333333333,
      "std": 31.142544247736442,
      "n_seeds": 15,
      "solve_rate": 1.0
    },
    "6": {
      "mean": 419.28266666666667,
      "std": 37.43973637134155,
      "n_seeds": 15,
      "solve_rate": 1.0
    },
    "8": {
      "mean": 380.03000000000003,
      "std": 78.79987216571696,
      "n_seeds": 15,
      "solve_rate": 0.9333333333333333
    }
  },
  "spearman_rho": -0.7995276124033227,
  "spearman_p": 6.851689358904328e-28,
  "optimal_K": 2
}