{
  "paired_comparisons": [
    {
      "label": "Value baseline effect",
      "method_a": "vpg_value",
      "method_b": "vpg",
      "n_seeds": 15,
      "mean_a": 380.2373333333333,
      "mean_b": 381.382,
      "diff": -1.1446666666666943,
      "t_stat": -0.10967710759553968,
      "t_p": 0.9142220817486026,
      "w_stat": 57.0,
      "w_p": 0.890380859375,
      "boot_ci_95": [
        -54.681216666666586,
        54.379383333333365
      ],
      "cohens_d": -0.014542503196159953
    },
    {
      "label": "Entropy effect",
      "method_a": "vpg_value_entropy",
      "method_b": "vpg_value",
      "n_seeds": 15,
      "mean_a": 339.93000000000006,
      "mean_b": 380.2373333333333,
      "diff": -40.30733333333325,
      "t_stat": -2.95495357690806,
      "t_p": 0.010442989745802914,
      "w_stat": 14.0,
      "w_p": 0.0067138671875,
      "boot_ci_95": [
        -94.48938333333332,
        12.165733333333382
      ],
      "cohens_d": -0.5367968146416048
    },
    {
      "label": "RLOO vs vanilla",
      "method_a": "rloo_K4",
      "method_b": "vpg",
      "n_seeds": 15,
      "mean_a": 433.06333333333333,
      "mean_b": 381.382,
      "diff": 51.68133333333333,
      "t_stat": 2.9738288919669036,
      "t_p": 0.010059875937274382,
      "w_stat": 9.0,
      "w_p": 0.00201416015625,
      "boot_ci_95": [
        14.343166666666754,
        99.64056666666663
      ],
      "cohens_d": 0.8231454784784658
    },
    {
      "label": "Avg baseline effect",
      "method_a": "vpg_avg",
      "method_b": "vpg",
      "n_seeds": 15,
      "mean_a": 367.8119999999999,
      "mean_b": 381.382,
      "diff": -13.570000000000107,
      "t_stat": -0.8371045685648738,
      "t_p": 0.4165950719218813,
      "w_stat": 59.0,
      "w_p": 0.97796630859375,
      "boot_ci_95": [
        -72.1009,
        46.90564999999988
      ],
      "cohens_d": -0.16095308094938598
    }
  ],
  "solve_rate": {
    "entropy_solved": 28,
    "entropy_total": 30,
    "non_entropy_solved": 42,
    "non_entropy_total": 45,
    "odds_ratio": 1.0,
    "p_value": 1.0
  },
  "gradient_variance": {
    "vpg": {
      "n_seeds": 15,
      "early_mean": 6.715523510602376e-06,
      "early_ci_95": [
        5.58564290008808e-06,
        7.882852291984931e-06
      ],
      "late_mean": 9.050702039440731e-07,
      "late_ci_95": [
        7.585972597613139e-07,
        1.0960609409951989e-06
      ],
      "ratio_early_over_late": 7.419892381096823,
      "paired_t_stat": 9.121254379771615,
      "paired_t_p": 2.882370393982353e-07
    },
    "vpg_avg": {
      "n_seeds": 15,
      "early_mean": 6.8483636236985974e-06,
      "early_ci_95": [
        6.020126116460744e-06,
        7.67587139282296e-06
      ],
      "late_mean": 1.0173572573831298e-06,
      "late_ci_95": [
        8.279715919667178e-07,
        1.2458556150307664e-06
      ],
      "ratio_early_over_late": 6.7315228490276064,
      "paired_t_stat": 12.220846118951101,
      "paired_t_p": 7.398624378436936e-09
    },
    "vpg_value": {
      "n_seeds": 15,
      "early_mean": 6.43125176528277e-06,
      "early_ci_95": [
        5.197281117894192e-06,
        7.92254042720941e-06
      ],
      "late_mean": 9.203759369687721e-07,
      "late_ci_95": [
        7.524768891545482e-07,
        1.1367433319093106e-06
      ],
      "ratio_early_over_late": 6.987635711624411,
      "paired_t_stat": 7.479283867853618,
      "paired_t_p": 2.970871270669754e-06
    },
    "vpg_value_entropy": {
      "n_seeds": 15,
      "early_mean": 5.760277458009e-06,
      "early_ci_95": [
        4.882019021993145e-06,
        6.61510650377295e-06
      ],
      "late_mean": 1.0768918296122366e-06,
      "late_ci_95": [
        9.321255724739077e-07,
        1.2349107756458961e-06
      ],
      "ratio_early_over_late": 5.34898427085582,
      "paired_t_stat": 9.533139662277364,
      "paired_t_p": 1.683324116493508e-07
    },
    "rloo_K4": {
      "n_seeds": 15,
      "early_mean": 1.0227664756807069e-05,
      "early_ci_95": [
        8.984891370542889e-06,
        1.1475351651832e-05
      ],
      "late_mean": 1.4305115644693462e-06,
      "late_ci_95": [
        1.2143386337412445e-06,
        1.6522026856966576e-06
      ],
      "ratio_early_over_late": 7.149655417571588,
      "paired_t_stat": 12.49772778956723,
      "paired_t_p": 5.541970146350724e-09
    }
  }
}