difficulty,degenerate_floor
1,0.3333333333333333
2,0.3333333333333333
3,0.3333333333333333
4,0.3333333333333333
5,0.3333333333333333
