difficulty,degenerate_floor
1,0.3333333333333333
2,0.3333333333333333
3,0.3333333333333333
4,0.3333333333333333
5,0.3333333333333333
6,0.3333333333333333
7,0.3333333333333333
8,0.3333333333333333
9,0.3333333333333333
10,0.3333333333333333
